{
  "dataset": "TESS",
  "objective": "Triage: (PC + EB) vs resto",
  "config": {
    "preprocess": "robust",
    "loss": "bce",
    "lr": 0.00015,
    "dropout": 0.2,
    "flip_prob": 0.15,
    "noise_std": 0.005,
    "use_pos_weight": true,
    "seed": 42
  },
  "best_val_f1_0_5": 0.8648648648648649,
  "best_val_f1_any": 0.8789237668161435,
  "best_thr": 0.7500000000000002,
  "test_0_5": {
    "accuracy": 0.9613293051359516,
    "precision": 0.8412698412698413,
    "recall": 0.9498207885304659,
    "f1": 0.8922558922558923,
    "mcc": 0.8711729606739531,
    "pred_pos_rate": 0.1903323262839879
  },
  "test_best": {
    "accuracy": 0.9709969788519638,
    "precision": 0.9024390243902439,
    "recall": 0.9283154121863799,
    "f1": 0.9151943462897526,
    "mcc": 0.8978363464295825,
    "pred_pos_rate": 0.17341389728096676
  },
  "test_ap": 0.9752495924097601,
  "sizes": {
    "train": 12853,
    "val": 1649,
    "test": 1655,
    "train_pos": 2129,
    "val_pos": 227,
    "test_pos": 279
  }
}